{"mse": 0.7864280756944075, "mae": 0.6821374152004844, "r2": 0.21426055232717756}